observation_date,10Y_3MTreasury,real_personal income,real_personal_income_chg,industrial_Prod,industrial_Prod_chg,real_manu,real_manu_chg,non_farm,non_farm_chg
1982-01-01,1.68000000,5129.60000000,0.00000000,48.91140000,0.00000000,555271.43300000,0.00000000,90565.00000000,0.00000000
1982-02-01,0.15000000,5148.50000000,0.00368450,49.91020000,0.02042060,564134.92900000,0.01596246,90563.00000000,-0.00002208
1982-03-01,0.55000000,5144.10000000,-0.00085462,49.56910000,-0.00683427,564585.52900000,0.00079875,90434.00000000,-0.00142442
1982-04-01,0.53000000,5173.50000000,0.00571529,49.11460000,-0.00916902,565222.71600000,0.00112859,90150.00000000,-0.00314041
1982-05-01,0.91000000,5174.70000000,0.00023195,48.78050000,-0.00680246,568131.94300000,0.00514705,90107.00000000,-0.00047698
1982-06-01,1.22000000,5152.60000000,-0.00427078,48.66060000,-0.00245795,560076.98900000,-0.01417796,89865.00000000,-0.00268570
1982-07-01,2.08000000,5133.20000000,-0.00376509,48.48630000,-0.00358195,557917.91600000,-0.00385496,89521.00000000,-0.00382796
1982-08-01,4.06000000,5143.30000000,0.00196758,48.05690000,-0.00885611,552802.65200000,-0.00916849,89363.00000000,-0.00176495
1982-09-01,4.15000000,5132.20000000,-0.00215815,47.93030000,-0.00263438,553870.13000000,0.00193103,89183.00000000,-0.00201426
1982-10-01,2.94000000,5121.50000000,-0.00208488,47.47380000,-0.00952425,548169.72000000,-0.01029196,88907.00000000,-0.00309476
1982-11-01,2.20000000,5124.70000000,0.00062482,47.32000000,-0.00323968,549662.41300000,0.00272305,88786.00000000,-0.00136097
1982-12-01,2.34000000,5153.90000000,0.00569789,46.98130000,-0.00715765,548151.95000000,-0.00274798,88771.00000000,-0.00016895
1983-01-01,2.34000000,5158.80000000,0.00095074,47.85230000,0.01853929,558612.22100000,0.01908279,88990.00000000,0.00246702
1983-02-01,2.33000000,5158.20000000,-0.00011631,47.56670000,-0.00596837,556258.94500000,-0.00421272,88917.00000000,-0.00082032
1983-03-01,1.85000000,5178.10000000,0.00385793,47.95990000,0.00826629,565588.27300000,0.01677156,89090.00000000,0.00194563
1983-04-01,1.89000000,5186.20000000,0.00156428,48.55640000,0.01243747,565536.23200000,-0.00009201,89364.00000000,0.00307554
1983-05-01,1.88000000,5210.00000000,0.00458910,48.86470000,0.00634932,574324.83900000,0.01554031,89644.00000000,0.00313325
1983-06-01,1.71000000,5224.50000000,0.00278311,49.15580000,0.00595727,589080.40900000,0.02569203,90021.00000000,0.00420552
1983-07-01,1.93000000,5255.40000000,0.00591444,49.88730000,0.01488126,588766.89300000,-0.00053221,90437.00000000,0.00462114
1983-08-01,2.11000000,5249.80000000,-0.00106557,50.48430000,0.01196697,587804.76600000,-0.00163414,90129.00000000,-0.00340569
1983-09-01,2.29000000,5296.00000000,0.00880034,51.21600000,0.01449361,596800.26900000,0.01530356,91247.00000000,0.01240444
1983-10-01,2.55000000,5357.90000000,0.01168807,51.61390000,0.00776906,603339.68300000,0.01095746,91520.00000000,0.00299188
1983-11-01,2.58000000,5392.60000000,0.00647642,51.84200000,0.00441935,609531.31100000,0.01026226,91875.00000000,0.00387893
1983-12-01,2.47000000,5443.10000000,0.00936468,52.09480000,0.00487636,620820.43200000,0.01852099,92230.00000000,0.00386395
1984-01-01,2.41000000,5465.70000000,0.00415205,53.13480000,0.01996360,624832.67700000,0.00646281,92673.00000000,0.00480321
1984-02-01,2.38000000,5506.30000000,0.00742814,53.37630000,0.00454504,624496.31400000,-0.00053832,93157.00000000,0.00522266
1984-03-01,2.43000000,5542.40000000,0.00655613,53.63140000,0.00477927,625030.68800000,0.00085569,93429.00000000,0.00291980
1984-04-01,2.56000000,5581.40000000,0.00703666,53.94910000,0.00592377,628493.32800000,0.00553995,93792.00000000,0.00388530
1984-05-01,3.19000000,5597.40000000,0.00286666,54.23960000,0.00538471,633458.81500000,0.00790062,94098.00000000,0.00326254
1984-06-01,3.30000000,5644.30000000,0.00837889,54.42880000,0.00348823,639093.22100000,0.00889467,94479.00000000,0.00404897
1984-07-01,2.83000000,5660.90000000,0.00294102,54.58650000,0.00289736,635680.08400000,-0.00534059,94789.00000000,0.00328115
1984-08-01,1.82000000,5699.40000000,0.00680104,54.65300000,0.00121825,635520.15200000,-0.00025159,95032.00000000,0.00256359
1984-09-01,1.73000000,5751.90000000,0.00921150,54.49490000,-0.00289280,634736.99600000,-0.00123231,95344.00000000,0.00328310
1984-10-01,2.04000000,5727.60000000,-0.00422469,54.47720000,-0.00032480,637399.98000000,0.00419541,95629.00000000,0.00298918
1984-11-01,2.65000000,5759.20000000,0.00551715,54.65940000,0.00334452,643058.50300000,0.00887751,95982.00000000,0.00369135
1984-12-01,3.16000000,5786.60000000,0.00475761,54.68920000,0.00054519,643827.69700000,0.00119615,96107.00000000,0.00130233
1985-01-01,3.36000000,5780.50000000,-0.00105416,54.65050000,-0.00070764,642219.49800000,-0.00249787,96372.00000000,0.00275734
1985-02-01,2.95000000,5784.50000000,0.00069198,54.81690000,0.00304480,644406.49600000,0.00340537,96503.00000000,0.00135932
1985-03-01,3.03000000,5810.90000000,0.00456392,54.89780000,0.00147582,650047.24800000,0.00875341,96842.00000000,0.00351284
1985-04-01,3.21000000,5798.60000000,-0.00211671,54.78330000,-0.00208569,649380.86800000,-0.00102513,97038.00000000,0.00202392
1985-05-01,3.11000000,5813.40000000,0.00255234,54.87040000,0.00158990,656903.98700000,0.01158506,97312.00000000,0.00282364
1985-06-01,2.98000000,5837.30000000,0.00411119,54.84010000,-0.00055221,646038.81100000,-0.01653998,97459.00000000,0.00151061
1985-07-01,2.99000000,5835.20000000,-0.00035976,54.55820000,-0.00514040,647278.91300000,0.00191955,97648.00000000,0.00193928
1985-08-01,2.96000000,5845.10000000,0.00169660,54.73810000,0.00329740,659042.75100000,0.01817430,97840.00000000,0.00196625
1985-09-01,3.04000000,5871.60000000,0.00453371,54.94160000,0.00371770,660810.88100000,0.00268288,98045.00000000,0.00209526
1985-10-01,2.84000000,5901.80000000,0.00514340,54.75380000,-0.00341817,654718.25900000,-0.00921992,98233.00000000,0.00191749
1985-11-01,2.31000000,5910.70000000,0.00150801,54.93900000,0.00338241,659509.85200000,0.00731856,98443.00000000,0.00213777
1985-12-01,1.93000000,5950.40000000,0.00671663,55.49450000,0.01011121,655986.28600000,-0.00534270,98609.00000000,0.00168625
1986-01-01,1.89000000,5932.00000000,-0.00309223,55.78020000,0.00514826,665846.17900000,0.01503064,98732.00000000,0.00124735
1986-02-01,1.41000000,5962.70000000,0.00517532,55.39940000,-0.00682680,662058.59900000,-0.00568837,98847.00000000,0.00116477
1986-03-01,1.01000000,6018.80000000,0.00940849,55.00010000,-0.00720766,662704.67100000,0.00097585,98934.00000000,0.00088015
1986-04-01,1.06000000,6038.80000000,0.00332292,55.06410000,0.00116363,676048.78300000,0.02013584,99121.00000000,0.00189015
1986-05-01,1.37000000,6043.60000000,0.00079486,55.17050000,0.00193229,669565.21700000,-0.00959038,99248.00000000,0.00128126
1986-06-01,1.40000000,6046.10000000,0.00041366,54.95880000,-0.00383720,673860.51600000,0.00641506,99155.00000000,-0.00093705
1986-07-01,1.30000000,6067.70000000,0.00357255,55.29440000,0.00610639,677842.29900000,0.00590891,99473.00000000,0.00320710
1986-08-01,1.48000000,6093.30000000,0.00421906,55.20290000,-0.00165478,678805.69400000,0.00142127,99588.00000000,0.00115609
1986-09-01,2.10000000,6101.50000000,0.00134574,55.35110000,0.00268464,694909.25600000,0.02372337,99934.00000000,0.00347431
1986-10-01,2.10000000,6105.00000000,0.00057363,55.58570000,0.00423840,685095.05800000,-0.01412299,100121.00000000,0.00187124
1986-11-01,1.75000000,6120.60000000,0.00255528,55.80300000,0.00390928,682995.64100000,-0.00306442,100308.00000000,0.00186774
1986-12-01,1.43000000,6146.60000000,0.00424795,56.34410000,0.00969661,697294.26400000,0.02093516,100509.00000000,0.00200383
1987-01-01,1.51000000,6139.80000000,-0.00110630,56.12590000,-0.00387263,675280.85900000,-0.03156975,100678.00000000,0.00168144
1987-02-01,1.50000000,6162.30000000,0.00366461,56.87790000,0.01339845,699638.65400000,0.03607061,100919.00000000,0.00239377
1987-03-01,1.48000000,6182.00000000,0.00319686,56.95160000,0.00129576,700310.11200000,0.00095972,101164.00000000,0.00242769
1987-04-01,2.21000000,6180.20000000,-0.00029117,57.31770000,0.00642827,698299.54700000,-0.00287096,101499.00000000,0.00331145
1987-05-01,2.77000000,6214.00000000,0.00546908,57.67740000,0.00627555,697134.33300000,-0.00166864,101728.00000000,0.00225618
1987-06-01,2.55000000,6218.60000000,0.00074026,57.98750000,0.00537646,700613.47400000,0.00499063,101900.00000000,0.00169078
1987-07-01,2.57000000,6241.70000000,0.00371466,58.37900000,0.00675146,706689.59500000,0.00867257,102247.00000000,0.00340530
1987-08-01,2.53000000,6281.80000000,0.00642453,58.81710000,0.00750441,703573.47300000,-0.00440946,102420.00000000,0.00169198
1987-09-01,2.80000000,6288.90000000,0.00113025,59.03910000,0.00377441,711327.60400000,0.01102107,102647.00000000,0.00221636
1987-10-01,3.17000000,6332.70000000,0.00696465,59.83400000,0.01346396,710507.63900000,-0.00115272,103138.00000000,0.00478338
1987-11-01,2.97000000,6367.30000000,0.00546370,60.13670000,0.00505900,708538.96000000,-0.00277081,103372.00000000,0.00226880
1987-12-01,3.03000000,6443.20000000,0.01192028,60.47390000,0.00560722,714542.73100000,0.00847345,103661.00000000,0.00279573
1988-01-01,2.66000000,6412.50000000,-0.00476471,60.45940000,-0.00023977,712911.68600000,-0.00228264,103753.00000000,0.00088751
1988-02-01,2.37000000,6442.00000000,0.00460039,60.76430000,0.00504305,720969.17900000,0.01130223,104214.00000000,0.00444325
1988-03-01,2.50000000,6446.50000000,0.00069854,60.89480000,0.00214764,732517.23600000,0.01601741,104489.00000000,0.00263880
1988-04-01,2.64000000,6473.30000000,0.00415729,61.24750000,0.00579196,728588.76400000,-0.00536298,104732.00000000,0.00232560
1988-05-01,2.63000000,6479.50000000,0.00095778,61.13530000,-0.00183191,730876.03600000,0.00313932,104962.00000000,0.00219608
1988-06-01,2.26000000,6504.60000000,0.00387376,61.29950000,0.00268585,738041.21400000,0.00980355,105326.00000000,0.00346792
1988-07-01,2.11000000,6537.00000000,0.00498109,61.31100000,0.00018760,735048.21300000,-0.00405533,105550.00000000,0.00212673
1988-08-01,1.96000000,6553.60000000,0.00253939,61.62340000,0.00509533,735473.42700000,0.00057848,105674.00000000,0.00117480
1988-09-01,1.50000000,6568.50000000,0.00227356,61.42550000,-0.00321144,738382.65400000,0.00395558,106013.00000000,0.00320798
1988-10-01,1.20000000,6608.60000000,0.00610489,61.69400000,0.00437115,744114.79600000,0.00776310,106276.00000000,0.00248083
1988-11-01,0.93000000,6607.80000000,-0.00012105,61.84940000,0.00251888,746987.21400000,0.00386018,106617.00000000,0.00320863
1988-12-01,0.76000000,6644.80000000,0.00559944,62.11710000,0.00432826,756723.98600000,0.01303472,106898.00000000,0.00263560
1989-01-01,0.53000000,6690.70000000,0.00690766,62.31030000,0.00311025,757588.37700000,0.00114228,107161.00000000,0.00246029
1989-02-01,0.33000000,6711.20000000,0.00306395,62.03530000,-0.00441340,749308.75700000,-0.01092892,107427.00000000,0.00248225
1989-03-01,0.22000000,6739.20000000,0.00417213,62.19500000,0.00257434,744848.45000000,-0.00595256,107621.00000000,0.00180588
1989-04-01,0.21000000,6719.10000000,-0.00298255,62.17530000,-0.00031675,751641.72300000,0.00912034,107791.00000000,0.00157962
1989-05-01,0.12000000,6688.60000000,-0.00453930,61.83210000,-0.00551988,748290.78100000,-0.00445816,107913.00000000,0.00113182
1989-06-01,-0.16000000,6705.20000000,0.00248183,61.82460000,-0.00012130,745983.20100000,-0.00308380,108027.00000000,0.00105641
1989-07-01,-0.13000000,6728.60000000,0.00348983,61.22850000,-0.00964179,738331.88300000,-0.01025669,108069.00000000,0.00038879
1989-08-01,-0.06000000,6739.60000000,0.00163481,61.83340000,0.00987939,757074.31200000,0.02538483,108120.00000000,0.00047192
1989-09-01,0.18000000,6755.90000000,0.00241854,61.62210000,-0.00341725,751769.92200000,-0.00700643,108369.00000000,0.00230300
1989-10-01,0.11000000,6789.00000000,0.00489942,61.55370000,-0.00110999,744512.08600000,-0.00965433,108476.00000000,0.00098737
1989-11-01,-0.07000000,6790.70000000,0.00025041,61.75750000,0.00331093,751170.81500000,0.00894375,108752.00000000,0.00254434
1989-12-01,-0.04000000,6800.30000000,0.00141370,62.11110000,0.00572562,753653.55800000,0.00330516,108836.00000000,0.00077240
1990-01-01,0.31000000,6798.60000000,-0.00024999,61.77810000,-0.00536136,747766.56200000,-0.00781128,109199.00000000,0.00333529
1990-02-01,0.47000000,6822.00000000,0.00344189,62.34260000,0.00913754,758876.71200000,0.01485778,109435.00000000,0.00216119
1990-03-01,0.42000000,6827.00000000,0.00073292,62.64460000,0.00484420,763298.94100000,0.00582734,109644.00000000,0.00190981
1990-04-01,0.75000000,6869.50000000,0.00622528,62.51040000,-0.00214224,754502.71700000,-0.01152396,109686.00000000,0.00038306
1990-05-01,0.75000000,6859.20000000,-0.00149938,62.68980000,0.00286992,760633.41800000,0.00812549,109839.00000000,0.00139489
1990-06-01,0.49000000,6866.50000000,0.00106426,62.89230000,0.00323019,762599.55800000,0.00258487,109856.00000000,0.00015477
1990-07-01,0.60000000,6891.90000000,0.00369912,62.79330000,-0.00157412,758513.69400000,-0.00535781,109824.00000000,-0.00029129
1990-08-01,1.06000000,6845.60000000,-0.00671803,63.02410000,0.00367555,766143.43400000,0.01005880,109616.00000000,-0.00189394
1990-09-01,1.30000000,6834.30000000,-0.00165070,63.03280000,0.00013804,752056.78300000,-0.01838644,109518.00000000,-0.00089403
1990-10-01,1.32000000,6765.20000000,-0.01011076,62.64660000,-0.00612697,748831.50200000,-0.00428861,109367.00000000,-0.00137877
1990-11-01,1.10000000,6761.40000000,-0.00056170,61.86810000,-0.01242685,739979.42900000,-0.01182118,109214.00000000,-0.00139896
1990-12-01,1.13000000,6788.20000000,0.00396368,61.43450000,-0.00700846,732277.33900000,-0.01040852,109166.00000000,-0.00043950
1991-01-01,1.68000000,6721.00000000,-0.00989953,61.22410000,-0.00342479,727451.47500000,-0.00659021,109055.00000000,-0.00101680
1991-02-01,1.74000000,6718.80000000,-0.00032733,60.77900000,-0.00727001,731756.92800000,0.00591854,108734.00000000,-0.00294347
1991-03-01,2.02000000,6721.70000000,0.00043162,60.43770000,-0.00561543,727526.36300000,-0.00578138,108574.00000000,-0.00147148
1991-04-01,2.21000000,6737.20000000,0.00230596,60.59820000,0.00265563,741861.79600000,0.01970435,108364.00000000,-0.00193416
1991-05-01,2.43000000,6735.10000000,-0.00031170,61.20410000,0.00999865,747946.80200000,0.00820234,108249.00000000,-0.00106124
1991-06-01,2.53000000,6772.90000000,0.00561239,61.69230000,0.00797659,744597.12900000,-0.00447849,108334.00000000,0.00078523
1991-07-01,2.52000000,6756.70000000,-0.00239189,61.85690000,0.00266808,754316.13100000,0.01305270,108292.00000000,-0.00038769
1991-08-01,2.40000000,6766.60000000,0.00146521,61.86810000,0.00018106,751137.81300000,-0.00421351,108310.00000000,0.00016622
1991-09-01,2.28000000,6785.10000000,0.00273402,62.38550000,0.00836295,754350.40200000,0.00427696,108336.00000000,0.00024005
1991-10-01,2.38000000,6771.40000000,-0.00201913,62.32290000,-0.00100344,755111.98000000,0.00100958,108357.00000000,0.00019384
1991-11-01,2.73000000,6788.50000000,0.00252533,62.24270000,-0.00128685,752667.31500000,-0.00323749,108296.00000000,-0.00056295
1991-12-01,2.90000000,6834.30000000,0.00674670,61.97050000,-0.00437320,743085.39700000,-0.01273062,108328.00000000,0.00029549
1992-01-01,3.13000000,6854.20000000,0.00291178,61.64710000,-0.00521861,757479.21700000,0.01937034,108369.00000000,0.00037848
1992-02-01,3.39000000,6892.50000000,0.00558781,62.07940000,0.00701250,759384.43100000,0.00251520,108311.00000000,-0.00053521
1992-03-01,3.40000000,6898.10000000,0.00081248,62.59550000,0.00831355,762440.89600000,0.00402492,108365.00000000,0.00049856
1992-04-01,3.64000000,6917.10000000,0.00275438,63.07260000,0.00762195,767521.88900000,0.00666411,108519.00000000,0.00142112
1992-05-01,3.67000000,6955.20000000,0.00550809,63.27610000,0.00322644,760844.12200000,-0.00870043,108649.00000000,0.00119795
1992-06-01,3.52000000,6986.20000000,0.00445710,63.31020000,0.00053891,768864.80500000,0.01054182,108715.00000000,0.00060746
1992-07-01,3.57000000,6976.80000000,-0.00134551,63.87690000,0.00895116,779161.33600000,0.01339186,108793.00000000,0.00071747
1992-08-01,3.39000000,7003.40000000,0.00381264,63.52210000,-0.00555443,766766.65800000,-0.01590772,108925.00000000,0.00121331
1992-09-01,3.45000000,6968.80000000,-0.00494046,63.72170000,0.00314221,777427.47800000,0.01390360,108959.00000000,0.00031214
1992-10-01,3.66000000,6928.50000000,-0.00578292,64.15560000,0.00680930,780574.06300000,0.00404743,109139.00000000,0.00165200
1992-11-01,3.67000000,6959.50000000,0.00447427,64.41440000,0.00403394,781904.28600000,0.00170416,109272.00000000,0.00121863
1992-12-01,3.48000000,7244.40000000,0.04093685,64.51610000,0.00157884,794075.56800000,0.01556620,109495.00000000,0.00204078
1993-01-01,3.53000000,6994.20000000,-0.03453702,64.77380000,0.00399435,796064.55500000,0.00250478,109794.00000000,0.00273072
1993-02-01,3.27000000,7033.50000000,0.00561894,65.08050000,0.00473494,795044.04100000,-0.00128195,110044.00000000,0.00227699
1993-03-01,2.96000000,7006.30000000,-0.00386721,65.01760000,-0.00096650,790017.62800000,-0.00632218,109994.00000000,-0.00045436
1993-04-01,3.04000000,7071.80000000,0.00934873,65.20410000,0.00286845,794099.68400000,0.00516704,110296.00000000,0.00274560
1993-05-01,3.01000000,7074.80000000,0.00042422,64.94330000,-0.00399975,795357.55700000,0.00158402,110568.00000000,0.00246609
1993-06-01,2.82000000,7056.20000000,-0.00262905,65.09840000,0.00238824,802710.59000000,0.00924494,110749.00000000,0.00163700
1993-07-01,2.69000000,7075.80000000,0.00277770,65.25540000,0.00241173,798826.54400000,-0.00483866,111055.00000000,0.00276300
1993-08-01,2.59000000,7088.10000000,0.00173832,65.19460000,-0.00093172,802920.02400000,0.00512437,111206.00000000,0.00135969
1993-09-01,2.35000000,7068.40000000,-0.00277931,65.52820000,0.00511699,810069.97000000,0.00890493,111448.00000000,0.00217614
1993-10-01,2.24000000,7040.30000000,-0.00397544,66.01520000,0.00743191,813530.07200000,0.00427136,111733.00000000,0.00255725
1993-11-01,2.54000000,7061.30000000,0.00298283,66.32920000,0.00475648,817703.51800000,0.00513005,111984.00000000,0.00224643
1993-12-01,2.65000000,7336.40000000,0.03895883,66.70380000,0.00564759,820289.07500000,0.00316197,112314.00000000,0.00294685
1994-01-01,2.71000000,7159.50000000,-0.02411264,66.91640000,0.00318722,821223.27700000,0.00113887,112595.00000000,0.00250191
1994-02-01,2.64000000,7168.40000000,0.00124310,66.96420000,0.00071432,828734.97200000,0.00914696,112781.00000000,0.00165194
1994-03-01,2.89000000,7191.00000000,0.00315273,67.63350000,0.00999489,842533.49200000,0.01665010,113242.00000000,0.00408757
1994-04-01,3.19000000,7265.60000000,0.01037408,68.03340000,0.00591275,838096.03200000,-0.00526681,113586.00000000,0.00303774
1994-05-01,2.92000000,7286.50000000,0.00287657,68.35310000,0.00469916,840124.36800000,0.00242017,113921.00000000,0.00294931
1994-06-01,2.85000000,7276.70000000,-0.00134495,68.80020000,0.00654103,847836.61200000,0.00917988,114238.00000000,0.00278263
1994-07-01,2.84000000,7294.50000000,0.00244616,68.88630000,0.00125145,844120.11300000,-0.00438351,114610.00000000,0.00325636
1994-08-01,2.62000000,7303.20000000,0.00119268,69.34120000,0.00660364,864053.14200000,0.02361397,114896.00000000,0.00249542
1994-09-01,2.71000000,7337.90000000,0.00475134,69.55740000,0.00311792,860312.52500000,-0.00432915,115247.00000000,0.00305494
1994-10-01,2.64000000,7396.90000000,0.00804045,70.11900000,0.00807391,866878.59500000,0.00763219,115458.00000000,0.00183085
1994-11-01,2.51000000,7393.10000000,-0.00051373,70.59420000,0.00677705,874515.95100000,0.00881018,115869.00000000,0.00355974
1994-12-01,2.05000000,7423.90000000,0.00416605,71.28140000,0.00973451,881083.29000000,0.00750968,116165.00000000,0.00255461
1995-01-01,1.88000000,7444.80000000,0.00281523,71.43030000,0.00208890,884976.22200000,0.00441835,116501.00000000,0.00289244
1995-02-01,1.53000000,7460.60000000,0.00212229,71.33430000,-0.00134397,879996.77200000,-0.00562665,116697.00000000,0.00168239
1995-03-01,1.29000000,7477.90000000,0.00231885,71.44510000,0.00155325,879685.79500000,-0.00035338,116907.00000000,0.00179953
1995-04-01,1.22000000,7490.40000000,0.00167159,71.32890000,-0.00162642,873103.22400000,-0.00748287,117069.00000000,0.00138572
1995-05-01,0.79000000,7490.50000000,0.00001335,71.66000000,0.00464188,879532.21000000,0.00736337,117049.00000000,-0.00017084
1995-06-01,0.53000000,7524.70000000,0.00456578,71.89670000,0.00330310,888009.84000000,0.00963879,117286.00000000,0.00202479
1995-07-01,0.69000000,7549.40000000,0.00328252,71.59240000,-0.00423246,877511.49000000,-0.01182234,117380.00000000,0.00080146
1995-08-01,0.92000000,7564.00000000,0.00193393,72.53390000,0.01315084,895287.98500000,0.02025785,117634.00000000,0.00216391
1995-09-01,0.76000000,7599.50000000,0.00469328,72.82470000,0.00400916,894193.85100000,-0.00122210,117875.00000000,0.00204873
1995-10-01,0.60000000,7623.00000000,0.00309231,72.71300000,-0.00153382,894660.95200000,0.00052237,118031.00000000,0.00132344
1995-11-01,0.41000000,7655.90000000,0.00431589,72.88840000,0.00241222,901984.79200000,0.00818616,118175.00000000,0.00122002
1995-12-01,0.42000000,7664.80000000,0.00116250,73.14290000,0.00349164,906259.78200000,0.00473954,118320.00000000,0.00122699
1996-01-01,0.50000000,7673.10000000,0.00108287,72.74710000,-0.00541132,897213.50700000,-0.00998199,118316.00000000,-0.00003381
1996-02-01,0.84000000,7739.70000000,0.00867967,73.78710000,0.01429610,905320.50300000,0.00903575,118739.00000000,0.00357517
1996-03-01,1.17000000,7762.50000000,0.00294585,73.67490000,-0.00152059,905771.10300000,0.00049772,118993.00000000,0.00213915
1996-04-01,1.42000000,7776.40000000,0.00179066,74.41530000,0.01004956,913875.56000000,0.00894758,119158.00000000,0.00138664
1996-05-01,1.58000000,7816.20000000,0.00511805,74.97180000,0.00747830,920828.76500000,0.00760848,119486.00000000,0.00275265
1996-06-01,1.68000000,7874.40000000,0.00744607,75.53170000,0.00746814,916487.77100000,-0.00471423,119769.00000000,0.00236848
1996-07-01,1.57000000,7866.10000000,-0.00105405,75.53230000,0.00000794,923725.29900000,0.00789703,120015.00000000,0.00205395
1996-08-01,1.45000000,7900.00000000,0.00430963,75.91290000,0.00503890,926896.00100000,0.00343252,120199.00000000,0.00153314
1996-09-01,1.59000000,7930.80000000,0.00389873,76.40320000,0.00645872,929730.34000000,0.00305788,120410.00000000,0.00175542
1996-10-01,1.41000000,7937.30000000,0.00081959,76.39310000,-0.00013219,937008.48500000,0.00782823,120665.00000000,0.00211776
1996-11-01,1.03000000,7966.50000000,0.00367883,77.06720000,0.00882410,943940.11200000,0.00739761,120961.00000000,0.00245307
1996-12-01,1.26000000,8001.60000000,0.00440595,77.55430000,0.00632046,937141.76100000,-0.00720210,121143.00000000,0.00150462
1997-01-01,1.41000000,8035.80000000,0.00427415,77.69450000,0.00180777,949228.00000000,0.01289692,121363.00000000,0.00181604
1997-02-01,1.28000000,8073.70000000,0.00471639,78.61200000,0.01180907,968611.00000000,0.02041975,121675.00000000,0.00257080
1997-03-01,1.41000000,8112.30000000,0.00478096,79.10210000,0.00623442,969052.00000000,0.00045529,121990.00000000,0.00258886
1997-04-01,1.58000000,8125.40000000,0.00161483,79.16830000,0.00083689,972290.00000000,0.00334141,122286.00000000,0.00242643
1997-05-01,1.51000000,8169.70000000,0.00545204,79.60840000,0.00555904,972051.00000000,-0.00024581,122546.00000000,0.00212616
1997-06-01,1.42000000,8201.60000000,0.00390467,79.98020000,0.00467036,985137.00000000,0.01346226,122814.00000000,0.00218693
1997-07-01,1.03000000,8242.60000000,0.00499902,80.64920000,0.00836457,995114.00000000,0.01012753,123111.00000000,0.00241829
1997-08-01,1.02000000,8295.70000000,0.00644214,81.45480000,0.00998894,992294.00000000,-0.00283385,123093.00000000,-0.00014621
1997-09-01,1.12000000,8323.80000000,0.00338730,82.21200000,0.00929595,1000316.00000000,0.00808430,123585.00000000,0.00399698
1997-10-01,0.92000000,8374.60000000,0.00610298,82.93090000,0.00874447,997419.00000000,-0.00289608,123929.00000000,0.00278351
1997-11-01,0.59000000,8441.20000000,0.00795262,83.59190000,0.00797049,1008029.00000000,0.01063746,124235.00000000,0.00246916
1997-12-01,0.50000000,8493.10000000,0.00614841,83.96960000,0.00451838,1005490.00000000,-0.00251878,124549.00000000,0.00252747
1998-01-01,0.37000000,8575.70000000,0.00972554,84.34670000,0.00449091,1007443.00000000,0.00194234,124812.00000000,0.00211162
1998-02-01,0.34000000,8638.70000000,0.00734634,84.48650000,0.00165744,1021587.00000000,0.01403950,125016.00000000,0.00163446
1998-03-01,0.49000000,8693.70000000,0.00636670,84.52120000,0.00041072,1026646.00000000,0.00495210,125164.00000000,0.00118385
1998-04-01,0.55000000,8731.50000000,0.00434798,84.82750000,0.00362394,1028038.00000000,0.00135587,125442.00000000,0.00222109
1998-05-01,0.51000000,8778.60000000,0.00539426,85.35960000,0.00627273,1031549.00000000,0.00341524,125844.00000000,0.00320467
1998-06-01,0.37000000,8832.40000000,0.00612854,84.84660000,-0.00600987,1027423.00000000,-0.00399981,126076.00000000,0.00184355
1998-07-01,0.37000000,8855.90000000,0.00266066,84.50610000,-0.00401312,1021420.00000000,-0.00584277,126205.00000000,0.00102319
1998-08-01,0.30000000,8894.50000000,0.00435868,86.24640000,0.02059378,1032563.00000000,0.01090932,126544.00000000,0.00268611
1998-09-01,0.07000000,8924.80000000,0.00340660,86.17070000,-0.00087772,1042402.00000000,0.00952872,126752.00000000,0.00164370
1998-10-01,0.46000000,8944.20000000,0.00217372,86.76710000,0.00692115,1051242.00000000,0.00848041,126954.00000000,0.00159366
1998-11-01,0.30000000,8987.60000000,0.00485231,86.69290000,-0.00085516,1055755.00000000,0.00429302,127231.00000000,0.00218189
1998-12-01,0.15000000,9007.40000000,0.00220304,87.06330000,0.00427255,1063885.00000000,0.00770065,127596.00000000,0.00286880
1999-01-01,0.28000000,9034.30000000,0.00298643,87.42520000,0.00415675,1062461.00000000,-0.00133849,127702.00000000,0.00083075
1999-02-01,0.44000000,9076.30000000,0.00464895,87.92600000,0.00572833,1078887.00000000,0.01546033,128120.00000000,0.00327325
1999-03-01,0.67000000,9082.40000000,0.00067208,88.11010000,0.00209381,1077299.00000000,-0.00147189,128227.00000000,0.00083515
1999-04-01,0.78000000,9066.90000000,-0.00170660,88.31060000,0.00227556,1075505.00000000,-0.00166528,128597.00000000,0.00288551
1999-05-01,0.91000000,9088.60000000,0.00239332,88.84870000,0.00609327,1091280.00000000,0.01466753,128808.00000000,0.00164078
1999-06-01,1.18000000,9123.10000000,0.00379596,88.79780000,-0.00057288,1092393.00000000,0.00101990,129089.00000000,0.00218154
1999-07-01,1.11000000,9150.30000000,0.00298144,89.31190000,0.00578956,1093813.00000000,0.00129990,129414.00000000,0.00251764
1999-08-01,1.07000000,9192.30000000,0.00459001,89.71090000,0.00446749,1102448.00000000,0.00789440,129569.00000000,0.00119771
1999-09-01,1.09000000,9189.00000000,-0.00035900,89.33310000,-0.00421131,1100449.00000000,-0.00181324,129772.00000000,0.00156673
1999-10-01,1.09000000,9250.30000000,0.00667102,90.49240000,0.01297727,1110118.00000000,0.00878641,130177.00000000,0.00312086
1999-11-01,0.81000000,9324.70000000,0.00804298,90.96500000,0.00522254,1115856.00000000,0.00516882,130466.00000000,0.00222005
1999-12-01,0.92000000,9407.60000000,0.00889037,91.68040000,0.00786456,1120689.00000000,0.00433120,130772.00000000,0.00234544
2000-01-01,1.16000000,9498.60000000,0.00967303,91.62610000,-0.00059227,1129614.00000000,0.00796385,131005.00000000,0.00178173
2000-02-01,0.79000000,9541.80000000,0.00454804,91.96260000,0.00367253,1109286.00000000,-0.01799553,131124.00000000,0.00090836
2000-03-01,0.39000000,9573.10000000,0.00328030,92.31180000,0.00379720,1122401.00000000,0.01182292,131596.00000000,0.00359965
2000-04-01,0.17000000,9620.50000000,0.00495137,92.88720000,0.00623322,1131729.00000000,0.00831076,131888.00000000,0.00221891
2000-05-01,0.45000000,9628.60000000,0.00084195,93.16200000,0.00295843,1125723.00000000,-0.00530692,132105.00000000,0.00164534
2000-06-01,0.24000000,9674.30000000,0.00474628,93.21680000,0.00058822,1133165.00000000,0.00661086,132061.00000000,-0.00033307
2000-07-01,-0.09000000,9730.30000000,0.00578853,93.04000000,-0.00189665,1126024.00000000,-0.00630182,132236.00000000,0.00132515
2000-08-01,-0.45000000,9780.50000000,0.00515914,92.79000000,-0.00268702,1126415.00000000,0.00034724,132230.00000000,-0.00004537
2000-09-01,-0.38000000,9788.80000000,0.00084863,93.15470000,0.00393038,1138568.00000000,0.01078910,132353.00000000,0.00093020
2000-10-01,-0.56000000,9815.10000000,0.00268674,92.83610000,-0.00342012,1129879.00000000,-0.00763152,132351.00000000,-0.00001511
2000-11-01,-0.64000000,9825.50000000,0.00105959,92.83950000,0.00003662,1121653.00000000,-0.00728043,132556.00000000,0.00154891
2000-12-01,-0.70000000,9827.70000000,0.00022391,92.53340000,-0.00329709,1130446.00000000,0.00783932,132709.00000000,0.00115423
2001-01-01,-0.12000000,9875.60000000,0.00487398,92.03040000,-0.00543588,1121377.00000000,-0.00802250,132698.00000000,-0.00008289
2001-02-01,0.09000000,9896.10000000,0.00207582,91.40790000,-0.00676407,1126325.00000000,0.00441243,132789.00000000,0.00068577
2001-03-01,0.35000000,9921.30000000,0.00254646,91.17510000,-0.00254683,1112824.00000000,-0.01198677,132747.00000000,-0.00031629
2001-04-01,1.18000000,9872.70000000,-0.00489855,90.87670000,-0.00327282,1104047.00000000,-0.00788714,132463.00000000,-0.00213941
2001-05-01,1.69000000,9834.10000000,-0.00390977,90.37500000,-0.00552067,1113592.00000000,0.00864547,132410.00000000,-0.00040011
2001-06-01,1.72000000,9815.80000000,-0.00186087,89.86260000,-0.00566971,1098414.00000000,-0.01362977,132299.00000000,-0.00083831
2001-07-01,1.64000000,9811.40000000,-0.00044826,89.32880000,-0.00594018,1102604.00000000,0.00381459,132177.00000000,-0.00092215
2001-08-01,1.53000000,9802.70000000,-0.00088672,89.22010000,-0.00121685,1111714.00000000,0.00826226,132028.00000000,-0.00112728
2001-09-01,2.04000000,9789.60000000,-0.00133637,88.74780000,-0.00529365,1088342.00000000,-0.02102339,131771.00000000,-0.00194656
2001-10-01,2.37000000,9735.00000000,-0.00557735,88.47550000,-0.00306825,1120677.00000000,0.02971033,131454.00000000,-0.00240569
2001-11-01,2.75000000,9728.20000000,-0.00069851,87.96310000,-0.00579143,1115228.00000000,-0.00486224,131142.00000000,-0.00237345
2001-12-01,3.37000000,9730.20000000,0.00020559,87.93290000,-0.00034333,1117422.00000000,0.00196731,130982.00000000,-0.00122005
2002-01-01,3.35000000,9732.30000000,0.00021582,88.54520000,0.00696326,1116339.00000000,-0.00096920,130852.00000000,-0.00099250
2002-02-01,3.15000000,9733.30000000,0.00010275,88.53620000,-0.00010164,1120400.00000000,0.00363778,130736.00000000,-0.00088650
2002-03-01,3.46000000,9732.40000000,-0.00009247,89.20970000,0.00760706,1114874.00000000,-0.00493217,130717.00000000,-0.00014533
2002-04-01,3.47000000,9729.10000000,-0.00033907,89.63890000,0.00481114,1127695.00000000,0.01149995,130623.00000000,-0.00071911
2002-05-01,3.40000000,9756.10000000,0.00277518,90.02710000,0.00433071,1130035.00000000,0.00207503,130634.00000000,0.00008421
2002-06-01,3.19000000,9787.00000000,0.00316725,90.76450000,0.00819087,1133716.00000000,0.00325742,130684.00000000,0.00038275
2002-07-01,2.94000000,9752.80000000,-0.00349443,90.74370000,-0.00022916,1130556.00000000,-0.00278729,130590.00000000,-0.00071929
2002-08-01,2.61000000,9751.70000000,-0.00011279,90.62680000,-0.00128824,1141413.00000000,0.00960324,130587.00000000,-0.00002297
2002-09-01,2.21000000,9754.90000000,0.00032815,90.72410000,0.00107363,1131631.00000000,-0.00857008,130501.00000000,-0.00065856
2002-10-01,2.33000000,9776.10000000,0.00217327,90.48790000,-0.00260350,1126414.00000000,-0.00461016,130628.00000000,0.00097317
2002-11-01,2.79000000,9797.20000000,0.00215832,90.98230000,0.00546371,1138482.00000000,0.01071365,130615.00000000,-0.00009952
2002-12-01,2.82000000,9808.50000000,0.00115339,90.49190000,-0.00539006,1129645.00000000,-0.00776209,130472.00000000,-0.00109482
2003-01-01,2.86000000,9768.70000000,-0.00405771,91.23950000,0.00826151,1136287.00000000,0.00587972,130580.00000000,0.00082776
2003-02-01,2.72000000,9730.10000000,-0.00395140,91.33840000,0.00108396,1123727.00000000,-0.01105355,130444.00000000,-0.00104151
2003-03-01,2.66000000,9745.30000000,0.00156216,91.06900000,-0.00294947,1133971.00000000,0.00911609,130232.00000000,-0.00162522
2003-04-01,2.81000000,9792.20000000,0.00481258,90.49130000,-0.00634354,1130689.00000000,-0.00289425,130177.00000000,-0.00042232
2003-05-01,2.48000000,9869.20000000,0.00786340,90.46970000,-0.00023870,1140606.00000000,0.00877076,130196.00000000,0.00014596
2003-06-01,2.40000000,9903.00000000,0.00342480,90.58990000,0.00132862,1151283.00000000,0.00936081,130194.00000000,-0.00001536
2003-07-01,3.06000000,9910.70000000,0.00077754,91.06140000,0.00520477,1160035.00000000,0.00760195,130191.00000000,-0.00002304
2003-08-01,3.48000000,9926.50000000,0.00159424,90.84520000,-0.00237422,1159559.00000000,-0.00041033,130149.00000000,-0.00032260
2003-09-01,3.32000000,9944.20000000,0.00178311,91.44530000,0.00660574,1164276.00000000,0.00406793,130254.00000000,0.00080677
2003-10-01,3.35000000,9997.60000000,0.00536996,91.55950000,0.00124883,1167027.00000000,0.00236284,130454.00000000,0.00153546
2003-11-01,3.35000000,10067.00000000,0.00694167,92.17630000,0.00673660,1171540.00000000,0.00386709,130474.00000000,0.00015331
2003-12-01,3.35000000,10058.00000000,-0.00089401,92.25320000,0.00083427,1168227.00000000,-0.00282790,130588.00000000,0.00087374
2004-01-01,3.25000000,10025.50000000,-0.00323126,92.40670000,0.00166390,1162401.00000000,-0.00498704,130769.00000000,0.00138604
2004-02-01,3.14000000,10027.20000000,0.00016957,92.96870000,0.00608181,1171414.00000000,0.00775378,130825.00000000,0.00042824
2004-03-01,2.87000000,10064.30000000,0.00369994,92.60000000,-0.00396585,1198917.00000000,0.02347846,131142.00000000,0.00242308
2004-04-01,3.39000000,10098.80000000,0.00342796,92.97610000,0.00406156,1186144.00000000,-0.01065378,131411.00000000,0.00205121
2004-05-01,3.68000000,10162.00000000,0.00625817,93.64460000,0.00719002,1189447.00000000,0.00278465,131694.00000000,0.00215355
2004-06-01,3.45000000,10177.00000000,0.00147609,92.93030000,-0.00762778,1188341.00000000,-0.00092984,131793.00000000,0.00075174
2004-07-01,3.14000000,10231.10000000,0.00531591,93.61090000,0.00732377,1190096.00000000,0.00147685,131848.00000000,0.00041732
2004-08-01,2.78000000,10260.60000000,0.00288337,93.69580000,0.00090695,1200430.00000000,0.00868333,131937.00000000,0.00067502
2004-09-01,2.44000000,10280.50000000,0.00193946,93.79580000,0.00106728,1205353.00000000,0.00410103,132093.00000000,0.00118238
2004-10-01,2.30000000,10291.50000000,0.00106999,94.62260000,0.00881489,1207904.00000000,0.00211639,132447.00000000,0.00267993
2004-11-01,2.09000000,10264.00000000,-0.00267211,94.84910000,0.00239372,1210114.00000000,0.00182962,132503.00000000,0.00042281
2004-12-01,2.01000000,10654.80000000,0.03807482,95.58410000,0.00774915,1228978.00000000,0.01558861,132624.00000000,0.00091319
2005-01-01,1.85000000,10306.80000000,-0.03266134,95.92850000,0.00360311,1233423.00000000,0.00361683,132774.00000000,0.00113102
2005-02-01,1.59000000,10306.20000000,-0.00005821,96.62870000,0.00729919,1233818.00000000,0.00032025,133032.00000000,0.00194315
2005-03-01,1.70000000,10347.80000000,0.00403641,96.49070000,-0.00142815,1225402.00000000,-0.00682110,133156.00000000,0.00093211
2005-04-01,1.50000000,10378.90000000,0.00300547,96.68090000,0.00197117,1243914.00000000,0.01510688,133518.00000000,0.00271862
2005-05-01,1.24000000,10432.30000000,0.00514505,96.79250000,0.00115431,1241537.00000000,-0.00191090,133690.00000000,0.00128822
2005-06-01,0.96000000,10466.00000000,0.00323035,97.19000000,0.00410672,1253294.00000000,0.00946971,133942.00000000,0.00188496
2005-07-01,0.89000000,10500.90000000,0.00333461,96.89810000,-0.00300340,1252470.00000000,-0.00065747,134296.00000000,0.00264294
2005-08-01,0.74000000,10500.70000000,-0.00001905,97.22230000,0.00334578,1255554.00000000,0.00246233,134498.00000000,0.00150414
2005-09-01,0.70000000,10469.10000000,-0.00300932,95.34630000,-0.01929598,1249496.00000000,-0.00482496,134566.00000000,0.00050558
2005-10-01,0.67000000,10541.80000000,0.00694425,96.49810000,0.01208018,1249349.00000000,-0.00011765,134655.00000000,0.00066139
2005-11-01,0.56000000,10614.80000000,0.00692481,97.56460000,0.01105203,1266510.00000000,0.01373595,134993.00000000,0.00251012
2005-12-01,0.50000000,10665.60000000,0.00478577,98.02220000,0.00469023,1273797.00000000,0.00575361,135149.00000000,0.00115562
2006-01-01,0.08000000,10773.50000000,0.01011664,98.20440000,0.00185876,1280490.00000000,0.00525437,135429.00000000,0.00207179
2006-02-01,0.03000000,10855.30000000,0.00759270,98.24040000,0.00036658,1283525.00000000,0.00237019,135737.00000000,0.00227425
2006-03-01,0.10000000,10906.50000000,0.00471659,98.47420000,0.00237988,1285689.00000000,0.00168598,136047.00000000,0.00228383
2006-04-01,0.27000000,10915.70000000,0.00084353,98.77650000,0.00306984,1273540.00000000,-0.00944941,136205.00000000,0.00116136
2006-05-01,0.27000000,10899.40000000,-0.00149326,98.78840000,0.00012047,1284007.00000000,0.00821882,136244.00000000,0.00028633
2006-06-01,0.19000000,10910.20000000,0.00099088,99.10690000,0.00322406,1280472.00000000,-0.00275310,136325.00000000,0.00059452
2006-07-01,0.01000000,10897.30000000,-0.00118238,99.03570000,-0.00071842,1274914.00000000,-0.00434059,136520.00000000,0.00143041
2006-08-01,-0.21000000,10884.70000000,-0.00115625,99.45830000,0.00426715,1282063.00000000,0.00560744,136694.00000000,0.00127454
2006-09-01,-0.21000000,10955.90000000,0.00654129,99.25440000,-0.00205011,1281830.00000000,-0.00018174,136843.00000000,0.00109003
2006-10-01,-0.32000000,11030.80000000,0.00683650,99.15140000,-0.00103774,1282760.00000000,0.00072553,136852.00000000,0.00006577
2006-11-01,-0.48000000,11091.20000000,0.00547558,99.09740000,-0.00054462,1283503.00000000,0.00057922,137063.00000000,0.00154181
2006-12-01,-0.41000000,11146.80000000,0.00501298,100.11170000,0.01023538,1304033.00000000,0.01599529,137249.00000000,0.00135704
2007-01-01,-0.35000000,11129.60000000,-0.00154304,99.72260000,-0.00388666,1296080.00000000,-0.00609877,137477.00000000,0.00166121
2007-02-01,-0.44000000,11172.70000000,0.00387256,100.69190000,0.00971996,1303857.00000000,0.00600040,137558.00000000,0.00058919
2007-03-01,-0.52000000,11220.10000000,0.00424248,100.88570000,0.00192468,1305493.00000000,0.00125474,137793.00000000,0.00170837
2007-04-01,-0.31000000,11252.50000000,0.00288767,101.57770000,0.00685925,1303242.00000000,-0.00172425,137842.00000000,0.00035561
2007-05-01,-0.12000000,11260.70000000,0.00072873,101.64810000,0.00069307,1311962.00000000,0.00669101,137993.00000000,0.00109546
2007-06-01,0.36000000,11256.30000000,-0.00039074,101.67410000,0.00025578,1310470.00000000,-0.00113723,138069.00000000,0.00055075
2007-07-01,0.04000000,11259.90000000,0.00031982,101.56270000,-0.00109566,1302662.00000000,-0.00595817,138038.00000000,-0.00022453
2007-08-01,0.36000000,11248.80000000,-0.00098580,101.77510000,0.00209132,1319012.00000000,0.01255122,138015.00000000,-0.00016662
2007-09-01,0.53000000,11261.10000000,0.00109345,102.02790000,0.00248391,1319652.00000000,0.00048521,138095.00000000,0.00057965
2007-10-01,0.53000000,11250.60000000,-0.00093241,101.72890000,-0.00293057,1326662.00000000,0.00531201,138174.00000000,0.00057207
2007-11-01,0.79000000,11242.80000000,-0.00069330,102.31850000,0.00579580,1323441.00000000,-0.00242790,138284.00000000,0.00079610
2007-12-01,1.03000000,11273.10000000,0.00269506,102.30740000,-0.00010848,1312662.00000000,-0.00814468,138392.00000000,0.00078100
2008-01-01,0.92000000,11263.30000000,-0.00086933,102.16860000,-0.00135670,1319262.00000000,0.00502795,138403.00000000,0.00007948
2008-02-01,1.56000000,11263.40000000,0.00000888,101.76730000,-0.00392782,1306654.00000000,-0.00955686,138324.00000000,-0.00057080
2008-03-01,2.23000000,11260.60000000,-0.00024859,101.39860000,-0.00362297,1289336.00000000,-0.01325370,138275.00000000,-0.00035424
2008-04-01,2.36000000,11192.70000000,-0.00602987,100.72380000,-0.00665492,1302474.00000000,0.01018974,138035.00000000,-0.00173567
2008-05-01,2.12000000,11146.10000000,-0.00416343,100.13990000,-0.00579704,1293471.00000000,-0.00691223,137858.00000000,-0.00128228
2008-06-01,2.21000000,11086.50000000,-0.00534716,99.91410000,-0.00225485,1291741.00000000,-0.00133749,137687.00000000,-0.00124041
2008-07-01,2.35000000,11040.10000000,-0.00418527,99.49430000,-0.00420161,1269465.00000000,-0.01724494,137491.00000000,-0.00142352
2008-08-01,2.13000000,11090.40000000,0.00455612,97.93670000,-0.01565517,1260142.00000000,-0.00734404,137213.00000000,-0.00202195
2008-09-01,2.54000000,11086.50000000,-0.00035166,93.65850000,-0.04368332,1229147.00000000,-0.02459643,136753.00000000,-0.00335245
2008-10-01,3.13000000,11152.80000000,0.00598025,94.58450000,0.00988698,1217693.00000000,-0.00931866,136272.00000000,-0.00351729
2008-11-01,3.33000000,11209.40000000,0.00507496,93.34550000,-0.01309940,1184469.00000000,-0.02728438,135545.00000000,-0.00533492
2008-12-01,2.38000000,11080.30000000,-0.01151712,90.71830000,-0.02814490,1178034.00000000,-0.00543281,134839.00000000,-0.00520860
2009-01-01,2.39000000,10880.70000000,-0.01801395,88.46830000,-0.02480205,1153058.00000000,-0.02120143,134055.00000000,-0.00581434
2009-02-01,2.57000000,10704.90000000,-0.01615705,87.93600000,-0.00601684,1160215.00000000,0.00620697,133312.00000000,-0.00554250
2009-03-01,2.60000000,10631.60000000,-0.00684733,86.55030000,-0.01575805,1136275.00000000,-0.02063411,132512.00000000,-0.00600096
2009-04-01,2.77000000,10616.30000000,-0.00143911,85.85980000,-0.00797802,1127427.00000000,-0.00778685,131817.00000000,-0.00524481
2009-05-01,3.12000000,10604.50000000,-0.00111150,84.99910000,-0.01002448,1127913.00000000,0.00043107,131475.00000000,-0.00259451
2009-06-01,3.54000000,10521.40000000,-0.00783630,84.72770000,-0.00319297,1126129.00000000,-0.00158168,131008.00000000,-0.00355201
2009-07-01,3.38000000,10472.00000000,-0.00469519,85.70910000,0.01158299,1142764.00000000,0.01477184,130668.00000000,-0.00259526
2009-08-01,3.42000000,10447.30000000,-0.00235867,86.63330000,0.01078299,1143418.00000000,0.00057230,130485.00000000,-0.00140050
2009-09-01,3.28000000,10440.80000000,-0.00062217,87.36150000,0.00840554,1144772.00000000,0.00118417,130244.00000000,-0.00184696
2009-10-01,3.31000000,10439.90000000,-0.00008620,87.54880000,0.00214397,1150407.00000000,0.00492238,130045.00000000,-0.00152790
2009-11-01,3.35000000,10473.70000000,0.00323758,87.91440000,0.00417596,1159044.00000000,0.00750778,130057.00000000,0.00009228
2009-12-01,3.54000000,10505.50000000,0.00303618,88.23180000,0.00361033,1162939.00000000,0.00336053,129788.00000000,-0.00206832
2010-01-01,3.67000000,10490.70000000,-0.00140879,89.19360000,0.01090083,1159614.00000000,-0.00285914,129790.00000000,0.00001541
2010-02-01,3.58000000,10487.00000000,-0.00035269,89.50890000,0.00353501,1167271.00000000,0.00660306,129698.00000000,-0.00070884
2010-03-01,3.58000000,10529.10000000,0.00401449,90.14490000,0.00710544,1182072.00000000,0.01268000,129879.00000000,0.00139555
2010-04-01,3.68000000,10638.70000000,0.01040925,90.47400000,0.00365079,1192644.00000000,0.00894362,130110.00000000,0.00177858
2010-05-01,3.26000000,10740.60000000,0.00957824,91.71310000,0.01369565,1188910.00000000,-0.00313086,130650.00000000,0.00415033
2010-06-01,3.08000000,10755.90000000,0.00142450,91.92870000,0.00235081,1200366.00000000,0.00963572,130511.00000000,-0.00106391
2010-07-01,2.85000000,10789.50000000,0.00312387,92.27370000,0.00375291,1210538.00000000,0.00847408,130427.00000000,-0.00064362
2010-08-01,2.54000000,10811.80000000,0.00206682,92.61500000,0.00369878,1211152.00000000,0.00050721,130422.00000000,-0.00003834
2010-09-01,2.50000000,10824.20000000,0.00114690,92.86680000,0.00271878,1210964.00000000,-0.00015522,130357.00000000,-0.00049838
2010-10-01,2.41000000,10840.90000000,0.00154284,92.61380000,-0.00272433,1217216.00000000,0.00516283,130625.00000000,0.00205589
2010-11-01,2.62000000,10859.30000000,0.00169728,92.67720000,0.00068456,1220690.00000000,0.00285405,130750.00000000,0.00095694
2010-12-01,3.15000000,10936.60000000,0.00711832,93.57410000,0.00967768,1222861.00000000,0.00177850,130822.00000000,0.00055067
2011-01-01,3.24000000,11109.00000000,0.01576358,93.37930000,-0.00208177,1237849.00000000,0.01225650,130841.00000000,0.00014524
2011-02-01,3.44000000,11157.70000000,0.00438383,93.00510000,-0.00400731,1220120.00000000,-0.01432243,131053.00000000,0.00162029
2011-03-01,3.31000000,11129.70000000,-0.00250948,93.97800000,0.01046072,1234097.00000000,0.01145543,131288.00000000,0.00179317
2011-04-01,3.40000000,11114.20000000,-0.00139267,93.65250000,-0.00346358,1229594.00000000,-0.00364882,131602.00000000,0.00239169
2011-05-01,3.13000000,11107.80000000,-0.00057584,93.78780000,0.00144470,1219944.00000000,-0.00784812,131703.00000000,0.00076747
2011-06-01,2.97000000,11169.80000000,0.00558166,94.03780000,0.00266559,1232271.00000000,0.01010456,131939.00000000,0.00179191
2011-07-01,2.97000000,11231.30000000,0.00550592,94.51460000,0.00507030,1237862.00000000,0.00453715,131999.00000000,0.00045476
2011-08-01,2.28000000,11227.30000000,-0.00035615,95.12630000,0.00647202,1247048.00000000,0.00742086,132125.00000000,0.00095455
2011-09-01,1.96000000,11214.00000000,-0.00118461,95.07320000,-0.00055821,1238946.00000000,-0.00649694,132358.00000000,0.00176348
2011-10-01,2.13000000,11219.30000000,0.00047262,95.72910000,0.00689889,1254588.00000000,0.01262525,132562.00000000,0.00154127
2011-11-01,2.00000000,11211.80000000,-0.00066849,95.74550000,0.00017132,1250048.00000000,-0.00361872,132694.00000000,0.00099576
2011-12-01,1.97000000,11330.50000000,0.01058706,96.21470000,0.00490049,1261003.00000000,0.00876366,132896.00000000,0.00152230
2012-01-01,1.93000000,11426.70000000,0.00849036,96.80510000,0.00613628,1268460.00000000,0.00591355,133250.00000000,0.00266374
2012-02-01,1.88000000,11514.00000000,0.00764000,97.10330000,0.00308042,1273029.00000000,0.00360201,133512.00000000,0.00196623
2012-03-01,2.09000000,11557.90000000,0.00381275,96.59730000,-0.00521095,1271849.00000000,-0.00092692,133752.00000000,0.00179759
2012-04-01,1.97000000,11611.80000000,0.00466348,97.30060000,0.00728074,1275997.00000000,0.00326139,133834.00000000,0.00061307
2012-05-01,1.71000000,11611.60000000,-0.00001722,97.50460000,0.00209660,1279867.00000000,0.00303292,133934.00000000,0.00074719
2012-06-01,1.53000000,11604.70000000,-0.00059423,97.49030000,-0.00014666,1276299.00000000,-0.00278779,134007.00000000,0.00054504
2012-07-01,1.43000000,11527.50000000,-0.00665248,97.72340000,0.00239101,1278728.00000000,0.00190316,134159.00000000,0.00113427
2012-08-01,1.58000000,11513.80000000,-0.00118846,97.31300000,-0.00419961,1277591.00000000,-0.00088916,134331.00000000,0.00128206
2012-09-01,1.62000000,11610.30000000,0.00838125,97.24050000,-0.00074502,1279516.00000000,0.00150674,134518.00000000,0.00139208
2012-10-01,1.64000000,11712.50000000,0.00880253,97.56100000,0.00329595,1274571.00000000,-0.00386474,134677.00000000,0.00118200
2012-11-01,1.56000000,11891.80000000,0.01530843,97.95890000,0.00407847,1298060.00000000,0.01842895,134833.00000000,0.00115833
2012-12-01,1.65000000,12227.20000000,0.02820431,98.20610000,0.00252351,1302868.00000000,0.00370399,135072.00000000,0.00177256
2013-01-01,1.84000000,11508.60000000,-0.05877061,98.19900000,-0.00007230,1307206.00000000,0.00332958,135263.00000000,0.00141406
2013-02-01,1.89000000,11481.20000000,-0.00238083,98.68350000,0.00493386,1312035.00000000,0.00369414,135541.00000000,0.00205526
2013-03-01,1.87000000,11517.70000000,0.00317911,99.09940000,0.00421448,1304969.00000000,-0.00538553,135680.00000000,0.00102552
2013-04-01,1.70000000,11580.00000000,0.00540907,98.98980000,-0.00110596,1303671.00000000,-0.00099466,135871.00000000,0.00140772
2013-05-01,1.88000000,11631.60000000,0.00445596,99.07820000,0.00089302,1317695.00000000,0.01075732,136093.00000000,0.00163390
2013-06-01,2.25000000,11629.70000000,-0.00016335,99.21410000,0.00137164,1314033.00000000,-0.00277910,136274.00000000,0.00132997
2013-07-01,2.55000000,11605.60000000,-0.00207228,98.91320000,-0.00303284,1314276.00000000,0.00018493,136386.00000000,0.00082187
2013-08-01,2.69000000,11628.90000000,0.00200765,99.48910000,0.00582228,1319628.00000000,0.00407220,136628.00000000,0.00177438
2013-09-01,2.79000000,11681.30000000,0.00450602,100.01720000,0.00530812,1323701.00000000,0.00308648,136815.00000000,0.00136868
2013-10-01,2.57000000,11651.70000000,-0.00253396,99.90380000,-0.00113380,1331422.00000000,0.00583289,137040.00000000,0.00164456
2013-11-01,2.65000000,11697.00000000,0.00388784,100.14790000,0.00244335,1347662.00000000,0.01219749,137304.00000000,0.00192644
2013-12-01,2.84000000,11731.60000000,0.00295802,100.35760000,0.00209390,1342339.00000000,-0.00394980,137373.00000000,0.00050253
2014-01-01,2.81000000,11800.50000000,0.00587303,99.98280000,-0.00373464,1328414.00000000,-0.01037368,137548.00000000,0.00127390
2014-02-01,2.66000000,11870.90000000,0.00596585,100.74850000,0.00765832,1339979.00000000,0.00870587,137714.00000000,0.00120685
2014-03-01,2.67000000,11933.00000000,0.00523128,101.73910000,0.00983240,1350652.00000000,0.00796505,137968.00000000,0.00184440
2014-04-01,2.67000000,11965.20000000,0.00269840,101.80230000,0.00062120,1352609.00000000,0.00144893,138293.00000000,0.00235562
2014-05-01,2.53000000,11993.10000000,0.00233176,102.21160000,0.00402054,1356343.00000000,0.00276059,138511.00000000,0.00157636
2014-06-01,2.56000000,12042.70000000,0.00413571,102.56370000,0.00344481,1355815.00000000,-0.00038928,138837.00000000,0.00235360
2014-07-01,2.52000000,12085.30000000,0.00353741,102.84250000,0.00271831,1364444.00000000,0.00636444,139069.00000000,0.00167102
2014-08-01,2.39000000,12150.70000000,0.00541153,102.64990000,-0.00187277,1366998.00000000,0.00187182,139257.00000000,0.00135185
2014-09-01,2.51000000,12196.70000000,0.00378579,102.96470000,0.00306673,1366811.00000000,-0.00013680,139566.00000000,0.00221892
2014-10-01,2.29000000,12257.00000000,0.00494396,102.97040000,0.00005536,1368570.00000000,0.00128694,139818.00000000,0.00180560
2014-11-01,2.30000000,12329.50000000,0.00591499,103.60170000,0.00613089,1372234.00000000,0.00267725,140109.00000000,0.00208128
2014-12-01,2.18000000,12408.30000000,0.00639118,103.59200000,-0.00009363,1380177.00000000,0.00578837,140377.00000000,0.00191280
2015-01-01,1.85000000,12507.80000000,0.00801883,102.79800000,-0.00766468,1382524.00000000,0.00170051,140568.00000000,0.00136062
2015-02-01,1.96000000,12552.70000000,0.00358976,102.15540000,-0.00625109,1376941.00000000,-0.00403827,140839.00000000,0.00192789
2015-03-01,2.02000000,12508.20000000,-0.00354505,101.80770000,-0.00340364,1384614.00000000,0.00557250,140910.00000000,0.00050412
2015-04-01,1.91000000,12543.40000000,0.00281415,101.22850000,-0.00568916,1395091.00000000,0.00756673,141194.00000000,0.00201547
2015-05-01,2.18000000,12569.50000000,0.00208078,100.75360000,-0.00469137,1381123.00000000,-0.01001225,141525.00000000,0.00234429
2015-06-01,2.35000000,12576.70000000,0.00057282,100.45290000,-0.00298451,1383784.00000000,0.00192669,141699.00000000,0.00122946
2015-07-01,2.29000000,12599.40000000,0.00180492,101.11000000,0.00654137,1386840.00000000,0.00220844,142001.00000000,0.00213128
2015-08-01,2.10000000,12627.10000000,0.00219852,100.88020000,-0.00227277,1388664.00000000,0.00131522,142126.00000000,0.00088028
2015-09-01,2.15000000,12663.00000000,0.00284309,100.60800000,-0.00269825,1403145.00000000,0.01042801,142281.00000000,0.00109058
2015-10-01,2.05000000,12700.50000000,0.00296138,100.15100000,-0.00454238,1399866.00000000,-0.00233689,142587.00000000,0.00215067
2015-11-01,2.14000000,12694.10000000,-0.00050392,99.38170000,-0.00768140,1396940.00000000,-0.00209020,142824.00000000,0.00166214
2015-12-01,2.01000000,12743.10000000,0.00386006,98.85720000,-0.00527763,1394894.00000000,-0.00146463,143097.00000000,0.00191144
2016-01-01,1.83000000,12751.10000000,0.00062779,99.40860000,0.00557774,1395837.00000000,0.00067604,143205.00000000,0.00075473
2016-02-01,1.47000000,12745.90000000,-0.00040781,98.89460000,-0.00517058,1407109.00000000,0.00807544,143417.00000000,0.00148040
2016-03-01,1.59000000,12745.10000000,-0.00006277,98.13850000,-0.00764551,1407621.00000000,0.00036387,143654.00000000,0.00165252
2016-04-01,1.58000000,12725.50000000,-0.00153785,98.43640000,0.00303551,1405968.00000000,-0.00117432,143851.00000000,0.00137135
2016-05-01,1.53000000,12719.20000000,-0.00049507,98.20960000,-0.00230403,1398587.00000000,-0.00524976,143892.00000000,0.00028502
2016-06-01,1.37000000,12735.50000000,0.00128153,98.67660000,0.00475514,1406826.00000000,0.00589095,144150.00000000,0.00179301
2016-07-01,1.20000000,12787.70000000,0.00409878,98.83710000,0.00162653,1405222.00000000,-0.00114016,144521.00000000,0.00257371
2016-08-01,1.26000000,12793.70000000,0.00046920,98.73020000,-0.00108158,1416348.00000000,0.00791761,144664.00000000,0.00098948
2016-09-01,1.34000000,12830.40000000,0.00286860,98.62870000,-0.00102805,1417950.00000000,0.00113108,144953.00000000,0.00199773
2016-10-01,1.43000000,12841.00000000,0.00082616,98.71260000,0.00085067,1420099.00000000,0.00151557,145071.00000000,0.00081406
2016-11-01,1.69000000,12881.20000000,0.00313060,98.30040000,-0.00417576,1420567.00000000,0.00032955,145201.00000000,0.00089611
2016-12-01,1.98000000,12917.30000000,0.00280253,98.90630000,0.00616376,1437758.00000000,0.01210151,145415.00000000,0.00147382
2017-01-01,1.91000000,12961.80000000,0.00344499,98.73490000,-0.00173295,1441368.00000000,0.00251085,145628.00000000,0.00146477
2017-02-01,1.89000000,13002.50000000,0.00314000,98.41780000,-0.00321163,1439259.00000000,-0.00146319,145818.00000000,0.00130469
2017-03-01,1.73000000,13053.80000000,0.00394540,99.07260000,0.00665327,1435889.00000000,-0.00234148,145960.00000000,0.00097382
2017-04-01,1.49000000,13084.50000000,0.00235181,100.05450000,0.00991091,1430985.00000000,-0.00341531,146165.00000000,0.00140449
2017-05-01,1.40000000,13174.40000000,0.00687072,100.13900000,0.00084454,1436722.00000000,0.00400913,146388.00000000,0.00152567
2017-06-01,1.19000000,13179.20000000,0.00036434,100.31480000,0.00175556,1441372.00000000,0.00323653,146585.00000000,0.00134574
2017-07-01,1.23000000,13220.10000000,0.00310338,100.14180000,-0.00172457,1447234.00000000,0.00406696,146768.00000000,0.00124842
2017-08-01,1.18000000,13232.10000000,0.00090771,99.68780000,-0.00453357,1455350.00000000,0.00560794,146913.00000000,0.00098795
2017-09-01,1.16000000,13265.00000000,0.00248638,99.78290000,0.00095398,1462620.00000000,0.00499536,147012.00000000,0.00067387
2017-10-01,1.27000000,13309.00000000,0.00331700,101.04010000,0.01259935,1470547.00000000,0.00541973,147153.00000000,0.00095911
2017-11-01,1.10000000,13360.30000000,0.00385453,101.22600000,0.00183986,1481745.00000000,0.00761485,147353.00000000,0.00135913
2017-12-01,1.06000000,13387.60000000,0.00204337,101.38780000,0.00159840,1492183.00000000,0.00704440,147529.00000000,0.00119441
2018-01-01,1.15000000,13379.40000000,-0.00061251,101.34500000,-0.00042214,1472617.00000000,-0.01311233,147662.00000000,0.00090152
2018-02-01,1.27000000,13397.40000000,0.00134535,101.70680000,0.00356998,1479553.00000000,0.00470998,148064.00000000,0.00272243
2018-03-01,1.12000000,13423.20000000,0.00192575,102.27850000,0.00562106,1476040.00000000,-0.00237437,148289.00000000,0.00151961
2018-04-01,1.08000000,13443.20000000,0.00148996,103.43400000,0.01129758,1475240.00000000,-0.00054199,148468.00000000,0.00120710
2018-05-01,1.08000000,13478.90000000,0.00265562,102.47350000,-0.00928611,1485326.00000000,0.00683685,148801.00000000,0.00224291
2018-06-01,0.98000000,13532.40000000,0.00396917,103.25080000,0.00758538,1480149.00000000,-0.00348543,148984.00000000,0.00122983
2018-07-01,0.89000000,13605.10000000,0.00537229,103.45880000,0.00201451,1484336.00000000,0.00282877,149050.00000000,0.00044300
2018-08-01,0.82000000,13663.30000000,0.00427781,104.18020000,0.00697282,1490918.00000000,0.00443431,149269.00000000,0.00146931
2018-09-01,0.84000000,13663.70000000,0.00002928,104.16650000,-0.00013150,1490712.00000000,-0.00013817,149326.00000000,0.00038186
2018-10-01,0.86000000,13690.10000000,0.00193213,104.04760000,-0.00114144,1487127.00000000,-0.00240489,149471.00000000,0.00097103
2018-11-01,0.74000000,13736.20000000,0.00336740,103.96030000,-0.00083904,1490145.00000000,0.00202942,149573.00000000,0.00068241
2018-12-01,0.42000000,13919.20000000,0.01332246,103.86900000,-0.00087822,1489463.00000000,-0.00045767,149821.00000000,0.00165805
2019-01-01,0.29000000,13911.20000000,-0.00057475,103.26840000,-0.00578228,1494210.00000000,0.00318705,150100.00000000,0.00186222
2019-02-01,0.24000000,13967.10000000,0.00401834,102.81570000,-0.00438372,1496260.00000000,0.00137196,150124.00000000,0.00015989
2019-03-01,0.12000000,13994.10000000,0.00193311,102.90000000,0.00081991,1493353.00000000,-0.00194284,150348.00000000,0.00149210
2019-04-01,0.10000000,13978.80000000,-0.00109332,102.38260000,-0.00502818,1478340.00000000,-0.01005322,150636.00000000,0.00191556
2019-05-01,-0.01000000,13982.30000000,0.00025038,102.57560000,0.00188509,1485481.00000000,0.00483042,150713.00000000,0.00051117
2019-06-01,-0.15000000,13997.80000000,0.00110854,102.59280000,0.00016768,1493211.00000000,0.00520370,150843.00000000,0.00086257
2019-07-01,-0.09000000,14002.80000000,0.00035720,102.20120000,-0.00381703,1494399.00000000,0.00079560,150921.00000000,0.00051709
2019-08-01,-0.36000000,14081.30000000,0.00560602,102.90860000,0.00692164,1500336.00000000,0.00397283,151081.00000000,0.00106016
2019-09-01,-0.24000000,14115.00000000,0.00239324,102.57900000,-0.00320284,1496673.00000000,-0.00244145,151244.00000000,0.00107889
2019-10-01,0.03000000,14140.60000000,0.00181367,101.77750000,-0.00781349,1483091.00000000,-0.00907479,151337.00000000,0.00061490
2019-11-01,0.24000000,14218.20000000,0.00548774,102.09790000,0.00314804,1489085.00000000,0.00404156,151589.00000000,0.00166516
2019-12-01,0.30000000,14175.30000000,-0.00301726,101.76320000,-0.00327823,1485467.00000000,-0.00242968,151789.00000000,0.00131936
2020-01-01,0.21000000,14312.20000000,0.00965764,101.30300000,-0.00452226,1478709.00000000,-0.00454941,152128.00000000,0.00223336
2020-02-01,-0.04000000,14415.40000000,0.00721063,101.70380000,0.00395645,1488825.00000000,0.00684110,152504.00000000,0.00247160
2020-03-01,0.57000000,14058.30000000,-0.02477212,97.87460000,-0.03765051,1428936.00000000,-0.04022568,151006.00000000,-0.00982269
2020-04-01,0.52000000,13240.10000000,-0.05820049,84.95900000,-0.13196069,1256135.00000000,-0.12092984,130513.00000000,-0.13570984
2020-05-01,0.55000000,13517.40000000,0.02094395,86.33450000,0.01619016,1357116.00000000,0.08039024,133155.00000000,0.02024319
2020-06-01,0.57000000,13785.70000000,0.01984849,91.75230000,0.06275359,1465484.00000000,0.07985169,137660.00000000,0.03383275
2020-07-01,0.50000000,13907.80000000,0.00885700,95.24390000,0.03805463,1504500.00000000,0.02662329,139048.00000000,0.01008281
2020-08-01,0.55000000,14041.60000000,0.00962050,96.11730000,0.00917014,1509447.00000000,0.00328814,140713.00000000,0.01197428
2020-09-01,0.57000000,14171.70000000,0.00926533,96.07110000,-0.00048066,1518387.00000000,0.00592270,141632.00000000,0.00653102
2020-10-01,0.69000000,14366.30000000,0.01373159,96.82500000,0.00784731,1526985.00000000,0.00566259,142279.00000000,0.00456818
2020-11-01,0.78000000,14324.80000000,-0.00288870,97.11830000,0.00302918,1523747.00000000,-0.00212052,142612.00000000,0.00234047
2020-12-01,0.85000000,14314.60000000,-0.00071205,98.13800000,0.01049957,1529685.00000000,0.00389697,142497.00000000,-0.00080638
2021-01-01,1.00000000,14204.90000000,-0.00766350,99.26450000,0.01147873,1567734.00000000,0.02487375,143017.00000000,0.00364920
2021-02-01,1.22000000,14187.10000000,-0.00125309,96.22310000,-0.03063935,1523644.00000000,-0.02812339,143727.00000000,0.00496444
2021-03-01,1.58000000,14270.10000000,0.00585039,98.86210000,0.02742585,1579651.00000000,0.03675859,144431.00000000,0.00489818
2021-04-01,1.61000000,14358.20000000,0.00617375,99.02460000,0.00164370,1571789.00000000,-0.00497705,144694.00000000,0.00182094
2021-05-01,1.60000000,14410.40000000,0.00363555,99.77850000,0.00761326,1545700.00000000,-0.01659828,145141.00000000,0.00308928
2021-06-01,1.48000000,14436.80000000,0.00183201,100.19230000,0.00414719,1550862.00000000,0.00333959,145698.00000000,0.00383765
2021-07-01,1.27000000,14482.60000000,0.00317245,100.87240000,0.00678795,1556129.00000000,0.00339618,146387.00000000,0.00472896
2021-08-01,1.23000000,14476.10000000,-0.00044881,100.83700000,-0.00035094,1550314.00000000,-0.00373684,146904.00000000,0.00353173
2021-09-01,1.33000000,14516.50000000,0.00279081,99.84980000,-0.00979006,1557826.00000000,0.00484547,147328.00000000,0.00288624
2021-10-01,1.53000000,14588.70000000,0.00497365,101.36020000,0.01512672,1561812.00000000,0.00255869,148005.00000000,0.00459519
2021-11-01,1.51000000,14599.90000000,0.00076772,101.96100000,0.00592738,1564342.00000000,0.00161991,148652.00000000,0.00437147
2021-12-01,1.41000000,14579.50000000,-0.00139727,101.75870000,-0.00198409,1557340.00000000,-0.00447600,149240.00000000,0.00395555
2022-01-01,1.62000000,14515.00000000,-0.00442402,102.14600000,0.00380606,1585920.00000000,0.01835181,149744.00000000,0.00337711
2022-02-01,1.62000000,14526.80000000,0.00081295,102.89870000,0.00736886,1572587.00000000,-0.00840711,150458.00000000,0.00476814
2022-03-01,1.68000000,14481.60000000,-0.00311149,103.57170000,0.00654041,1554031.00000000,-0.01179967,150856.00000000,0.00264526
2022-04-01,1.98000000,14505.40000000,0.00164346,104.27090000,0.00675088,1551827.00000000,-0.00141825,151224.00000000,0.00243941
2022-05-01,1.91000000,14514.60000000,0.00063425,104.16460000,-0.00101946,1541414.00000000,-0.00671016,151610.00000000,0.00255250
2022-06-01,1.60000000,14457.80000000,-0.00391330,104.07720000,-0.00083906,1536205.00000000,-0.00337936,151903.00000000,0.00193259
2022-07-01,0.60000000,14557.70000000,0.00690976,104.75770000,0.00653842,1545055.00000000,0.00576095,152440.00000000,0.00353515
2022-08-01,0.18000000,14583.20000000,0.00175165,104.65440000,-0.00098609,1570466.00000000,0.01644666,152732.00000000,0.00191551
